{
  "id": "4078305",
  "name": "博客",
  "font_family": "iconfont",
  "css_prefix_text": "icon-",
  "description": "",
  "glyphs": [
    {
      "icon_id": "38321132",
      "name": "贪吃蛇大作战-copy",
      "font_class": "tanchishedazuozhan",
      "unicode": "e600",
      "unicode_decimal": 58880
    },
    {
      "icon_id": "20728220",
      "name": "关于系统",
      "font_class": "info",
      "unicode": "e61b",
      "unicode_decimal": 58907
    },
    {
      "icon_id": "7023752",
      "name": "空调",
      "font_class": "kongtiao",
      "unicode": "e61e",
      "unicode_decimal": 58910
    },
    {
      "icon_id": "35170143",
      "name": "user用户3",
      "font_class": "useryonghu3",
      "unicode": "e858",
      "unicode_decimal": 59480
    },
    {
      "icon_id": "8679350",
      "name": "发现",
      "font_class": "faxian1",
      "unicode": "e686",
      "unicode_decimal": 59014
    },
    {
      "icon_id": "8679351",
      "name": "签到",
      "font_class": "qiandao",
      "unicode": "e687",
      "unicode_decimal": 59015
    },
    {
      "icon_id": "8679354",
      "name": "记录",
      "font_class": "jilu",
      "unicode": "e688",
      "unicode_decimal": 59016
    },
    {
      "icon_id": "8679356",
      "name": "关注",
      "font_class": "guanzhu",
      "unicode": "e689",
      "unicode_decimal": 59017
    },
    {
      "icon_id": "8679359",
      "name": "粉丝",
      "font_class": "fensi",
      "unicode": "e68a",
      "unicode_decimal": 59018
    },
    {
      "icon_id": "8679360",
      "name": "我的",
      "font_class": "wode",
      "unicode": "e68b",
      "unicode_decimal": 59019
    },
    {
      "icon_id": "8679369",
      "name": "主页",
      "font_class": "zhuye",
      "unicode": "e68c",
      "unicode_decimal": 59020
    },
    {
      "icon_id": "8679374",
      "name": "搜索",
      "font_class": "sousuo",
      "unicode": "e68d",
      "unicode_decimal": 59021
    },
    {
      "icon_id": "3705459",
      "name": "帮助手册",
      "font_class": "bangzhushouce",
      "unicode": "e63c",
      "unicode_decimal": 58940
    },
    {
      "icon_id": "3705460",
      "name": "标签",
      "font_class": "biaoqian",
      "unicode": "e63d",
      "unicode_decimal": 58941
    },
    {
      "icon_id": "3705461",
      "name": "导航",
      "font_class": "daohang",
      "unicode": "e63e",
      "unicode_decimal": 58942
    },
    {
      "icon_id": "3705464",
      "name": "发现",
      "font_class": "faxian",
      "unicode": "e63f",
      "unicode_decimal": 58943
    },
    {
      "icon_id": "3705477",
      "name": "时间",
      "font_class": "shijian",
      "unicode": "e644",
      "unicode_decimal": 58948
    },
    {
      "icon_id": "3705480",
      "name": "写文章",
      "font_class": "xiewenzhang",
      "unicode": "e645",
      "unicode_decimal": 58949
    }
  ]
}
